19500	5086
19500	7096
19500	14048
19500	19421
19500	20551
19500	25933
19500	27927
19500	27946
38250	11447
38250	14265
38250	15138
38250	17590
38250	18730
39750	4896
42000	8890
42000	11578
42000	13390
42000	28180
47000	1950
47000	2999
47000	23549
65500	5443
65500	6050
65500	6152
65500	15639
69500	387
69500	3273
69500	6352
69500	15315
69500	18196
71250	8775
140500	14625
140500	23779
145750	3847
145750	7409
145750	11196
145750	24242
154500	5863
154500	8689
154500	10353
154500	18805
154500	25424
154500	25820
154500	28621
154500	29197
154750	8943
154750	11196
190500	4281
190500	18465
200250	5856
200250	9620
200250	12052
200250	12352
200250	19166
232000	361
232000	7868
232000	12133
232000	16311
232000	17823
232000	21865
239250	3619
266500	10282
267250	2367
267250	10690
267250	11679
267250	18829
282500	12055
299750	24601
299750	24869
309750	4545
309750	20902
341000	9290
341000	16564
341000	17958
341000	25840
364250	11679
371250	7620
371250	21110
371250	25596
380000	12329
380000	14174
380000	22094
393250	519
393250	4949
415500	554
417250	12068
418500	18002
434750	4571
434750	16972
434750	19973
434750	21911
434750	27511
439000	647
439000	1041
439000	2198
439000	3228
439000	3362
439000	3390
439000	4221
439000	6104
439000	7868
439000	11499
439000	12287
439000	16821
439000	24060
439000	25415
439000	26404
448250	15911
452750	141
452750	251
452750	6672
452750	11060
452750	12110
452750	14020
452750	14581
452750	14796
452750	16460
452750	17352
452750	19973
452750	21865
452750	22547
452750	25488
472000	2963
472000	3515
472000	6211
472000	14647
472000	23584
528250	7096
528250	12977
563500	120
563500	5260
573000	16653
573000	18868
573000	19615
599750	9657
599750	20297
621500	2683
621500	3308
621500	6143
621500	10102
621500	16009
621500	19973
621500	22034
621500	29099
691500	834
691500	4270
691500	6080
691500	8764
691500	12433
691500	14119
691500	14498
691500	19328
691500	19974
691500	20661
691500	21840
691500	22547
691500	22664
691500	23013
691500	26288
691500	27912
691500	28641
691500	29445
711500	4709
711500	11052
711500	11578
711500	14360
711500	17118
711500	26722
725000	2257
725000	17835
725000	20902
731750	11196
731750	15924
731750	29008
731750	29163
745750	3228
745750	4578
745750	7230
745750	7827
745750	19339
745750	24869
746000	3032
746000	6571
746000	7105
776750	2963
776750	3228
776750	9991
776750	18388
776750	18730
776750	21146
776750	26699
776750	29084
791500	3627
791500	10329
791500	16606
791500	20297
791500	23492
791500	24831
799000	1903
799000	27791
832250	1831
832250	22963
832250	23143
832250	23782
832250	26670
832250	27791
832250	28859
832250	29330
835000	207
835000	1752
835000	5845
835000	5848
835000	7059
835000	7990
835000	8637
835000	9912
835000	11734
835000	13878
835000	14020
835000	14048
835000	16722
835000	19632
835000	23202
835000	25215
835000	25642
847750	21684
848500	259
848500	2000
848500	7286
848500	9838
848500	14261
848500	19337
848500	19891
848500	23628
848500	24977
854250	8943
854250	9881
861250	21110
861250	28707
887750	15019
892500	239
892500	3852
892500	15019
892500	17180
892500	23403
892500	23516
969750	2963
969750	17823
980000	3228
981000	8662
981000	8689
981000	11176
981000	12394
981000	14020
981000	14153
981000	26608
981000	27160
984500	2513
984500	18730
984500	19539
984500	27791
984500	28985
1025250	4014
1025250	13247
1046250	6621
1046250	10678
1046250	18196
1046250	27791
1047000	21110
1063000	530
1063000	15019
1063000	16376
1063000	20551
1063000	22280
1063000	24196
1063000	24929
1074500	9567
1074750	527
1074750	3699
1074750	10171
1074750	11080
1074750	11904
1074750	12220
1074750	12747
1074750	22556
1074750	27092
1086750	7868
1086750	18977
1086750	22400
1104500	2683
1104500	14294
1104500	21110
1110750	12426
1110750	20578
1118250	8278
1118250	14794
1118250	24306
1118250	26665
1140750	1293
1140750	6741
1140750	7868
1140750	12541
1140750	22313
1165500	15423
1173500	5848
1173500	7606
1173500	8049
1173500	8257
1173500	15661
1173500	15931
1173500	20037
1173500	20143
1173500	23928
1173500	24869
1181250	6672
1181250	7208
1181250	7465
1181250	8058
1181250	8339
1181250	16169
1181250	18932
1181250	21110
1181250	23284
1181250	27390
1181250	29213
1189000	4949
1189000	6548
1189000	11679
1189000	15019
1189000	16361
1189000	16818
1189000	23612
1189000	23628
1189000	27615
1189000	28621
1194750	83
1194750	3068
1194750	3627
1194750	5306
1194750	7037
1194750	7400
1194750	7827
1194750	8637
1194750	12737
1194750	20551
1194750	21092
1194750	23103
1194750	24669
1194750	25366
1240250	2160
1240250	12394
1244250	1691
1244250	4324
1247000	25635
1324500	2198
1324500	5336
1324500	6305
1324500	7868
1324500	8028
1324500	27927
1338750	845
1338750	12586
1365000	13737
1381000	17958
1441500	27508
1446250	700
1446250	1155
1446250	7105
1446250	14525
1446250	18712
1446250	21217
1459750	16550
1459750	25830
1459750	28059
1492500	3926
1492500	6876
1492500	11679
1492500	16540
1517000	16376
1517000	19903
1525000	2257
1525000	11196
1528500	1505
1528500	5799
1528500	7248
1528500	12977
1528500	18466
1528500	21092
1528500	22749
1528500	23013
1528500	23781
1528500	28370
1530250	14120
1531250	22179
1561250	13891
1579250	4078
1579250	4953
1579250	21160
1579250	24194
1579250	25424
1579250	25641
1617250	1505
1617250	2217
1617250	5077
1617250	5667
1617250	7061
1617250	11329
1617250	11951
1617250	19405
1617250	21533
1617250	21919
1617250	23284
1617250	26546
1617250	27791
1617250	28463
1620500	5445
1620500	5833
1620500	12230
1622500	7522
1622500	8148
1622500	12285
1622500	14020
1622500	18771
1622500	19179
1622500	19381
1622500	22027
1622500	24911
1629250	9120
1629250	21758
1629250	24196
1629250	24601
1661750	28221
1688750	7248
1688750	12220
1710500	1481
1710500	14780
1710500	25526
1724250	3228
1724250	15269
1724250	16176
1724250	23198
1727500	4452
1727500	7812
1758250	10038
1758250	12560
1758250	23676
1758250	27791
1758250	28463
1767500	619
1767500	7409
1767500	20180
1767500	27977
1782250	155
1782250	2568
1782250	5845
1782250	12143
1782250	14415
1782250	14788
1782250	18024
1782250	19374
1792000	6203
1792000	9301
1792000	13259
1792000	16540
1792000	20154
1792000	20979
1792000	23214
1792000	23351
1793250	2033
1793250	14020
1793250	21067
1793250	27625
1806750	6621
1806750	18558
1806750	20701
1812000	11196
1812000	21628
1812000	29077
1832000	2198
1832000	7868
1832000	10916
1832000	11939
1832000	19221
1832000	25687
1838000	21372
1838750	16818
1904750	9138
1904750	22484
1906000	2438
1906000	2683
1906000	9532
1906000	12220
1906000	21110
1909250	504
1909250	6326
1909250	10014
1909250	12729
1909250	14209
1909250	15992
1909250	18180
1909250	20516
1909250	23470
1909250	24645
1909250	26523
1911500	1047
1911500	1073
1911500	8868
1911500	16110
1911500	18730
1911500	21815
1953250	1788
1953250	2257
1953250	2610
1953250	3658
1953250	8313
1953250	11328
1953250	12394
1953250	14020
1953250	15639
1953250	20918
1953250	21979
1953250	23984
1953250	24415
1953250	25289
1966250	155
1966250	2257
1966250	3228
1966250	3678
1966250	7186
1966250	11052
1966250	16110
1966250	25260
1966250	26722
1969000	4411
1969000	5469
1969000	5987
1969000	12220
1969000	18002
1971500	7096
1971500	11000
1971500	19113
1971500	21715
1971500	25329
2033500	3627
2033500	4949
2033500	8689
2033500	11176
2033500	11465
2033500	12352
2050000	5306
2050000	24377
2050000	26866
2076000	24886
2078000	7622
2078000	14902
2078000	16944
2078000	17449
2078000	17752
2078000	26608
2088000	2198
2088000	10949
2103250	5458
2103250	6290
2103250	6724
2103250	7822
2103250	11022
2103250	12394
2103250	13592
2103250	13737
2103250	14902
2103250	20661
2103250	22280
2103250	23549
2103250	24325
2103250	24341
2103250	25219
2103250	25372
2132250	14159
2148250	14294
2168250	7868
2168250	13494
2168250	15200
2182750	1539
2182750	5131
2182750	7059
2182750	18808
2182750	19643
2187500	6158
2187500	23628
2187500	27394
2198750	9250
2198750	12220
2198750	13054
2198750	16550
2200750	2655
2200750	12674
2200750	18741
2200750	24506
2232500	679
2232500	4683
2232500	11000
2232500	11679
2232500	14261
2232500	28791
2251750	23549
2316250	9657
2316250	26288
2331750	953
2331750	1752
2331750	2436
2331750	7179
2331750	8628
2331750	8689
2331750	9458
2331750	10584
2331750	11201
2331750	17214
2331750	18805
2331750	21092
2331750	22126
2331750	23984
2331750	24385
2331750	28653
2331750	28985
2331750	29099
2350750	23779
2364500	21865
2378500	2367
2378500	2669
2378500	3228
2378500	10014
2378500	14153
2378500	14795
2378500	17470
2378500	18937
2378500	26619
2386250	948
2386250	1008
2386250	7061
2386250	24507
2492500	11124
2492500	19005
2626250	25193
2676250	4970
2688750	1739
2688750	3181
2688750	19814
2688750	28391
2704750	3658
2704750	5764
2704750	11547
2704750	16483
2733500	13272
2733500	19824
2752000	2042
2752000	3032
2752000	3164
2752000	3313
2752000	5043
2752000	5667
2752000	11679
2752000	12243
2752000	14917
2752000	19405
2752000	19772
2752000	22179
2752000	26728
2752000	27906
2756000	10115
2756000	13773
2756000	21092
2768250	16094
2768250	23421
2771250	255
2771250	2513
2771250	12606
2771250	14694
2771250	29490
2788750	6918
2788750	11176
2788750	26608
2797750	20595
2797750	28270
2807500	1010
2807500	1015
2807500	3817
2807500	12512
2807500	12688
2807500	29203
2823250	2610
2852250	4647
2852250	11682
2852250	14360
2852250	21706
2870250	4003
2870250	7096
2870250	8327
2870250	14020
2870250	15096
2870250	17606
2870250	29363
2874500	3047
2874500	4172
2874500	7868
2874500	7910
2874500	10840
2874500	14914
2874500	22094
2874500	28370
2882750	4452
2882750	8943
2882750	11330
2882750	29225
2891500	255
2891500	819
2891500	2257
2891500	3047
2891500	4949
2891500	7467
2891500	8027
2891500	8724
2891500	11176
2891500	13240
2891500	14161
2891500	14580
2891500	20966
2920750	22359
2920750	23407
2921750	143
2921750	5324
2921750	25272
2921750	27791
2940000	2683
2940000	11767
2940000	12168
2940000	12220
2940000	14580
2940000	19835
2940000	24486
2940000	24519
2940000	25086
2940000	25260
2940000	26722
2968250	17331
2968250	28985
2975500	5086
2975500	14902
2975500	16406
2975500	19745
2988000	15828
2988000	22482
3001000	4571
3009000	5627
3009000	8724
3009000	10604
3009000	22393
3009000	27117
3009000	28347
3010000	13975
3014750	2353
3014750	7868
3014750	13471
3014750	18558
3014750	24922
3014750	28166
3031750	2783
3031750	7323
3031750	11263
3031750	12977
3031750	13878
3031750	14261
3031750	16110
3031750	16406
3031750	18131
3031750	19772
3031750	21565
3031750	26288
3031750	27198
3031750	27501
3031750	29099
3035250	11080
3035250	14020
3054250	3151
3054250	9563
3054250	11931
3054250	12285
3054250	14020
3054250	29203
3114000	13112
3114000	23928
3148500	12795
3148500	14894
3148500	16217
3148500	18292
3148500	22126
3148500	27346
3148500	28561
3149000	9486
3149000	9804
3149000	13162
3149000	18964
3149000	25970
3149000	29008
3188000	9567
3211250	6148
3211250	7173
3211250	11076
3211250	12431
3211250	17706
3211250	23662
3211250	26006
3211250	27155
3211250	27443
3216500	2963
3216500	8028
3216500	18697
3216500	20548
3216500	21146
3216500	26121
3216500	27168
3216500	28992
3226500	6621
3226500	11954
3226500	12394
3226500	14071
3226500	16474
3226500	18741
3226500	23863
3226500	27791
3245250	18730
3245250	23878
3249250	2513
3249250	26394
3249250	28641
3266750	12220
3266750	16126
3282250	11857
3288250	5592
3293750	25193
3293750	26523
3304500	3592
3304500	4931
3304500	13554
3304500	16540
3304500	17228
3304500	17512
3304500	18086
3304500	18217
3304500	22269
3304500	24461
3304500	25169
3304500	26634
3304500	29099
3310750	3458
3310750	11176
3310750	15432
3310750	25086
3312500	19993
3312500	21217
3317500	1917
3317500	3032
3317500	8261
3317500	8767
3317500	11864
3317500	17657
3317500	22113
3317500	25366
3317500	27514
3326250	614
3326250	4163
3326250	8943
3326250	9389
3326250	9479
3326250	10866
3326250	17232
3326250	18712
3326250	20154
3326250	24459
3326250	27389
3344750	5310
3344750	7542
3344750	17748
3344750	18290
3344750	28463
3350250	5779
3350250	14413
3350250	18736
3350250	24765
3404000	29
3404000	905
3404000	3627
3404000	6246
3404000	8446
3404000	18273
3404000	22246
3511000	13020
3511000	14020
3511000	29203
3520000	1700
3520000	2999
3520000	9563
3520000	10325
3520000	10702
3520000	12758
3520000	12795
3520000	14415
3520000	14788
3520000	16846
3520000	18829
3520000	20184
3520000	21336
3520000	21919
3520000	22126
3520000	23409
3520000	23928
3520000	24434
3520000	24669
3520000	24984
3520000	27927
3520000	28065
3520000	29099
3524750	4491
3524750	4808
3524750	26871
3549000	5184
3549000	27407
3573750	778
3573750	11176
3573750	15831
3573750	25260
3581250	5086
3581250	5848
3581250	11781
3581250	12512
3581250	16540
3581250	22126
3581250	23482
3588500	530
3588500	21336
3590000	28924
3592750	14694
3625250	5625
3625250	20549
3625250	26614
3644250	4381
3644250	4775
3644250	7127
3644250	16406
3644250	18843
3644250	29473
3675000	1565
3675000	13779
3684750	16754
3684750	25559
3719250	4960
3719250	17150
3723750	3406
3723750	4078
3723750	5598
3723750	12271
3723750	14020
3723750	21672
3723750	25372
3734250	6290
3742000	2669
3742000	5336
3742000	7297
3742000	11357
3742000	14482
3742000	21847
3742000	26168
3751500	9829
3787750	2610
3795000	12352
3795000	29099
3799500	21768
3846250	11679
3846250	11882
3846250	15584
3846250	23143
3861500	7868
3861500	20470
3903500	1392
3903500	9563
3903500	9633
3903500	13888
3903500	15138
3903500	27609
3903500	28605
3913250	3626
3913250	4235
3913250	5845
3913250	8409
3913250	8689
3913250	9230
3913250	9242
3913250	9948
3913250	12220
3913250	13240
3913250	14020
3952000	2128
3952000	4479
3952000	4648
3952000	9111
3952000	12220
3952000	13349
3952000	13998
3952000	16550
3952000	19837
3952000	25372
3952000	25917
3952000	28631
3952000	29099
3954500	15584
3954500	15860
3954500	26315
3963750	251
3963750	3590
3963750	3809
3963750	4949
3963750	7096
3963750	7356
3963750	11176
3963750	11330
3963750	11864
3963750	12977
3963750	13020
3963750	13737
3963750	16624
3963750	19421
3963750	21067
3963750	23475
3963750	23662
3963750	26614
3963750	26972
3981750	6520
3981750	27791
4004500	6571
4004500	19686
4054000	9090
4054000	11304
4054000	24088
4059500	8166
4059500	16463
4059500	28465
4063000	14573
4063000	19974
4073250	12271
4087750	21672
4087750	27791
4097500	5190
4097500	20655
4102750	10026
4102750	20585
4102750	22523
4102750	26843
4115500	6731
4133750	14451
4133750	20127
4133750	25372
4133750	27638
4184250	241
4184250	4949
4184250	10788
4184250	11196
4184250	12220
4184250	14020
4184250	23928
4184250	28710
4195500	7737
4195500	9802
4195500	12285
4195500	15315
4195500	18097
4195500	18905
4195500	20456
4195500	20694
4195500	22246
4195500	27407
4195500	28662
4215750	1037
4215750	2685
4215750	4125
4215750	4281
4215750	4571
4215750	7230
4215750	9340
4215750	9392
4215750	9878
4215750	12674
4215750	14415
4215750	14573
4215750	15302
4215750	17356
4215750	19574
4215750	23656
4215750	23928
4215750	26127
4256000	5661
4256000	7692
4256000	14153
4256000	16331
4256000	17771
4256000	18741
4256000	23019
4256000	24944
4256000	27791
4256500	2410
4256500	4694
4256500	23515
4257000	11196
4257000	27625
4259500	3135
4259500	8005
4259500	9111
4259500	11018
4259500	11176
4259500	12541
4259500	15019
4259500	15315
4259500	29099
4304250	7868
4304250	27328
4317250	22029
4370750	1666
4376250	8689
4376250	15631
4376250	19993
4376250	21225
4376250	27407
4378500	16100
4399750	23207
4423500	4147
4423500	6911
4423500	9111
4423500	24193
4423500	29490
4454500	2655
4454500	4059
4454500	15019
4454500	21071
4454500	25830
4454500	26699
4454500	27117
4454500	28184
4454500	28653
4475750	1803
4475750	2227
4475750	3719
4475750	4281
4475750	4949
4475750	8689
4475750	9671
4475750	11612
4475750	12068
4475750	13592
4475750	18024
4475750	18805
4475750	19113
4475750	20551
4475750	23774
4475750	24944
4475750	25651
4475750	27401
4503500	11936
4503500	24193
4533750	4324
4547500	8257
4557250	21996
4625750	530
4625750	1428
4625750	10840
4625750	14482
4625750	16540
4625750	22321
4625750	24471
4625750	26000
4631250	29099
4658500	10948
4658500	11330
4658500	12606
4658500	17453
4658500	18075
4658500	21110
4658500	21838
4658500	25917
4658500	25960
4658500	27625
4680000	16463
4712250	14276
4712250	18388
4712250	20902
4716750	2683
4716750	13784
4716750	25318
4716750	25820
4716750	29202
4770500	2610
4770500	5797
4770500	5876
4770500	6988
4770500	9165
4770500	10404
4770500	12220
4770500	14020
4770500	15315
4770500	18075
4770500	20297
4770500	24196
4770500	24869
4770500	27191
4770500	27625
4770500	28975
4782250	679
4782250	15359
4782250	27791
4809000	24178
4844000	7868
4844000	12899
4844000	15934
4844000	24196
4850000	614
4850000	1428
4850000	11605
4852500	911
4852500	10151
4852500	11665
4852500	16500
4852500	24541
4852500	26288
4853750	19955
4853750	25596
4876750	949
4876750	4080
4876750	11378
4876750	12394
4876750	20536
4880250	3382
4880250	15617
4880250	27096
4886500	17640
4886500	18805
4886500	20146
4886500	26608
4895250	7248
4895250	9152
4895250	11638
4895250	12068
4895250	15423
4895250	15478
4895250	16624
4895250	19166
4895250	20694
4895250	21067
4895250	25670
4902250	4709
4902250	23628
4907500	5086
4921000	23549
4922750	2669
4922750	18024
4922750	25733
4963500	13240
4963500	21092
4963500	21110
4967250	6101
4967250	7868
4967250	12431
5011500	643
5011500	1756
5011500	2043
5011500	11196
5011500	13749
5011500	21847
5011500	22280
5011500	22489
5011500	23013
5011500	23779
5011500	27092
5011500	27407
5011500	28098
5011500	28937
5011500	29203
5012750	2208
5012750	5043
5012750	5053
5012750	7963
5012750	11196
5024500	528
5024500	3228
5024500	7105
5024500	9802
5024500	12977
5024500	13888
5024500	14265
5024500	15138
5024500	17748
5024500	21110
5024500	29084
5034000	7465
5034000	10584
5034000	12220
5037000	4571
5037000	6880
5037000	7868
5037000	11196
5037000	14590
5037000	14796
5037000	20625
5037000	21140
5037000	26722
5037000	27791
5052000	7868
5059000	9195
5078750	62
5078750	554
5078750	5310
5078750	7096
5078750	7260
5078750	8483
5078750	9111
5078750	18990
5078750	25669
5082500	14020
5082750	17280
5108000	4254
5108000	15094
5108000	29203
5108000	29547
5110750	5590
5110750	7096
5110750	18167
5110750	21146
5110750	26114
5110750	28399
5139250	1731
5139250	11080
5139250	17959
5139250	18183
5139250	23826
5139250	26716
5143250	5429
5143250	6287
5143250	6880
5143250	9563
5143250	10949
5143250	12736
5143250	13067
5143250	14482
5143250	16609
5143250	18542
5143250	19457
5143250	20411
5143250	23549
5143250	26394
5143250	26614
5143250	27567
5143250	28641
5143250	29547
5155750	2999
5155750	7432
5155750	8173
5155750	11969
5155750	14661
5155750	15018
5155750	23662
5155750	24669
5170500	6096
5170500	11679
5170500	18730
5170500	21672
5170500	27092
5187750	1481
5199750	679
5220750	8689
5220750	25240
5220750	28438
5226250	8689
5226250	15907
5226250	21865
5226500	3627
5226500	7868
5226500	8689
5226500	23829
5238000	2683
5238000	15018
5238000	21833
5239500	14153
5239500	16939
5248750	7862
5248750	9290
5248750	15019
5248750	15086
5248750	23623
5248750	28924
5254500	3313
5254500	4336
5254500	7868
5254500	9317
5254500	12717
5254500	14393
5254500	15918
5254500	18072
5254500	20827
5254500	22043
5254500	22359
5254500	24601
5254500	29539
5256500	614
5256500	3775
5256500	20679
5261000	1591
5261000	11000
5261000	11410
5261000	13592
5261000	15308
5261000	21581
5261000	24788
5264500	1642
5264500	4172
5264500	8625
5264500	8783
5264500	12394
5264500	17691
5264500	26083
5264500	27791
5279750	2368
5279750	3228
5279750	6880
5279750	14956
5279750	20386
5292000	8643
5292000	21672
5293250	679
5293250	20506
5336750	377
5336750	11000
5354000	20180
5407750	6352
5407750	16373
5440500	17945
5440500	25272
5440750	2963
5440750	14853
5440750	16243
5440750	19862
5440750	20045
5440750	20701
5440750	23206
5440750	27210
5467250	8763
5467250	11653
5467250	19252
5467250	23157
5491500	239
5491500	1962
5491500	6880
5491500	9472
5491500	14265
5491500	15390
5491500	18024
5491500	20803
5491500	21092
5491500	25212
5491500	25989
5491500	26288
5491500	27407
5522250	7048
5522250	15315
5642000	3723
5642000	4949
5642000	5620
5642000	10726
5642000	10840
5642000	11080
5642000	11176
5642000	25424
5642000	26121
5654000	18672
5654000	29231
5655250	3702
5655250	9131
5655250	11196
5655250	14048
5655250	16406
5655250	16540
5693000	2655
5693000	14020
5693000	21899
5697750	2367
5726500	17244
5742000	5593
5742000	8238
5742000	10694
5742000	19523
5742000	22307
5742000	25248
5742000	25261
5742000	29465
5745000	26722
5751500	1392
5751500	2033
5751500	5268
5751500	5336
5751500	6199
5751500	7004
5751500	11679
5751500	12977
5751500	14873
5751500	15086
5751500	15896
5751500	23928
5751500	24869
5751500	26434
5754500	143
5754500	3665
5754500	3954
5754500	8307
5754500	8725
5754500	11790
5754500	12647
5754500	14784
5754500	15896
5754500	16836
5754500	28752
5769750	2455
5769750	4440
5769750	16116
5769750	24503
5780000	5814
5780000	7061
5780000	7648
5780000	10058
5780000	11022
5780000	15021
5780000	15315
5780000	15811
5780000	17061
5780000	17214
5780000	17959
5780000	19523
5780000	21092
5780000	21336
5780000	22313
5780000	22529
5780000	26789
5812000	2683
5812000	17641
5812000	19759
5812000	19993
5846250	1831
5846250	18200
5865750	911
5865750	1756
5865750	3228
5865750	4238
5865750	9745
5865750	10268
5865750	11652
5865750	26297
5865750	27544
5865750	28177
5865750	28937
5865750	29331
5898500	374
5898500	15921
5898500	26722
5899750	12220
5906250	143
5906250	13784
5906250	27791
5910250	937
5910250	28525
5915250	2367
5952250	5067
5952250	6827
5957500	24966
5959000	13688
5959000	14153
5959000	14242
5959000	23793
5962750	5151
5962750	5803
5962750	9563
5962750	16800
5962750	27446
5968250	16406
5987000	2524
5999000	5081
5999000	10908
5999000	14265
5999000	14666
6003750	530
6003750	647
6003750	2251
6003750	3393
6003750	4750
6003750	4949
6003750	5053
6003750	6680
6003750	7737
6003750	7868
6003750	8792
6003750	11679
6003750	12285
6003750	15414
6003750	16176
6003750	16944
6003750	19814
6003750	22749
6003750	23013
6003750	23480
6003750	23628
6003750	27487
6061250	943
6061250	1370
6061250	3190
6061250	4169
6061250	5670
6061250	8628
6061250	10893
6061250	11176
6061250	15019
6061250	16463
6061250	19632
6061250	22113
6061250	22359
6061250	22577
6061250	28985
6061250	29203
6099250	7244
6099250	11823
6099250	13244
6126750	15019
6126750	24977
6126750	25117
6150750	2655
6150750	18185
6155250	7850
6155250	15661
6155250	18180
6172000	24704
6233750	3458
6233750	4220
6233750	10584
6233750	18180
6233750	21146
6233750	26619
6234000	1107
6234000	4220
6234000	4571
6234000	12438
6234000	12642
6234000	16463
6234000	17020
6234000	18051
6234000	19875
6234000	21372
6247250	3686
6247250	8171
6247250	10840
6247250	15814
6247250	16540
6247250	16918
6247250	22736
6247250	28626
6247250	28631
6257000	530
6257000	3740
6257000	12285
6257000	14795
6257000	16540
6257000	16986
6258500	12068
6258500	20471
6272000	2803
6272000	6080
6272000	12055
6272000	17400
6299000	25830
6301250	574
6301250	8226
6301250	8637
6301250	8689
6301250	11543
6301250	14942
6380000	20327
6380000	24459
6400000	2452
6400000	2600
6400000	3313
6400000	3536
6400000	9567
6400000	15065
6400000	15258
6400000	18712
6400000	22371
6400000	26737
6400000	28270
6412250	15159
6412750	3719
6412750	5014
6412750	7208
6412750	12666
6412750	14580
6433000	17087
6458500	8637
6497000	18233
6497000	20747
6515500	21657
6564500	4949
6564500	11176
6564500	11196
6564500	11612
6564500	12977
6564500	14902
6564500	16406
6564500	18730
6564500	26576
6564500	29095
6571000	4254
6571000	5470
6571000	12162
6571000	13430
6571750	9193
6571750	15086
6571750	16540
6572500	17945
6572500	29099
6619500	1917
6619500	3627
6619500	5221
6619500	11465
6619500	15089
6619500	15934
6619500	16952
6619500	21067
6634500	6571
6634500	9454
6654750	1415
6654750	14261
6654750	16110
6683750	4731
6683750	5267
6683750	10169
6683750	14261
6683750	29203
6694750	1461
6694750	12352
6694750	14020
6694750	18730
6694750	24196
6713250	2367
6713250	2945
6713250	5185
6713250	18879
6713250	24344
6713250	27625
6751750	3068
6751750	3658
6751750	13737
6751750	16243
6766250	4307
6766250	27791
6780500	4571
6780500	10893
6780500	25676
6780500	29099
6807250	5529
6807250	8630
6807250	10646
6807250	13394
6807250	22393
6807250	25372
6807250	27791
6848000	12977
6848000	23622
6848000	24601
6848750	264
6848750	2891
6848750	4163
6848750	4307
6848750	7070
6848750	8689
6848750	13354
6848750	21336
6848750	22894
6849750	2199
6849750	4819
6849750	6757
6849750	8049
6849750	11679
6849750	12161
6849750	13883
6849750	15584
6849750	19394
6849750	24886
6849750	25733
6849750	27928
6849750	27965
6849750	29099
6852750	7208
6852750	7822
6852750	27906
6872750	26111
6874250	155
6874250	647
6874250	2683
6874250	8637
6874250	11080
6874250	12016
6874250	12168
6874250	12747
6874250	13483
6874250	14265
6874250	15584
6874250	18805
6874250	20648
6874250	26754
6874250	28410
6897000	23223
6897000	24177
6921750	19197
6921750	29497
6957500	5074
6957500	13793
6957500	15534
6957500	16722
6957500	22029
6957500	23861
6957500	24417
6957500	24898
6957500	27448
6996000	6305
6996000	12165
6996000	13754
6996000	16067
6998500	201
6998500	1031
6998500	19416
7002750	1481
7002750	7868
7003500	11196
7003500	25090
7060500	504
7060500	760
7060500	5285
7060500	23214
7103000	5574
7103000	11465
7103000	15019
7103000	15423
7116750	10308
7116750	14930
7143250	217
7143250	7613
7143250	10702
7143250	22087
7163250	9567
7163250	17748
7184500	2159
7184500	2899
7184500	7868
7184500	9018
7184500	10193
7184500	16939
7184500	22058
7184500	22359
7184500	24517
7184500	27791
7184500	28463
7184500	29410
7190750	9413
7190750	14526
7211250	23656
7218000	2421
7218000	6951
7218000	7096
7218000	10702
7218000	11201
7218000	11679
7218000	12220
7218000	15859
7218000	18630
7218000	21936
7218000	22317
7218000	24669
7218000	26619
7269250	2729
7269250	8637
7269250	10895
7269250	20578
7269250	23295
7269250	24571
7269250	27791
7269750	19475
7269750	20270
7306250	22359
7320250	26728
7322250	11977
7322250	23861
7323750	3458
7345250	2750
7367000	4918
7367000	15584
7367000	15686
7367000	21975
7375000	11201
7375000	11857
7405250	15125
7435500	178
7435500	18024
7435500	24886
7435500	27950
7445000	16463
7445000	18075
7450000	2729
7450000	8637
7450000	9220
7450000	14261
7450000	29202
7476250	1037
7483500	18196
7513250	1756
7513250	29203
7568750	1831
7568750	4329
7568750	12285
7588000	10329
7588000	28653
7588000	28975
7600250	4949
7600250	8662
7600250	11052
7600250	11176
7600250	24869
7657250	1756
7657250	2043
7657250	3228
7657250	7997
7657250	29445
7687500	682
7687500	3174
7687500	3787
7687500	5369
7687500	8173
7687500	14603
7687500	18730
7687500	19574
7687500	20803
7687500	22994
7687500	26607
7687500	28625
7699500	360
7699500	1031
7699500	1222
7699500	1546
7699500	3979
7699500	5848
7699500	8173
7699500	8719
7699500	9802
7699500	11679
7699500	11793
7699500	13592
7699500	14182
7699500	18730
7699500	21672
7699500	23928
7699500	26127
7703750	3626
7703750	3651
7703750	4958
7703750	6398
7703750	8278
7703750	12394
7703750	18075
7703750	18730
7703750	18868
7703750	22908
7703750	23304
7703750	27625
7715000	2457
7715000	27961
7785250	11790
7785250	12132
7797000	11196
7797000	13942
7810250	8637
7830250	17237
7854500	7323
7886000	4919
7886000	9472
7886000	22420
7892000	911
7892000	5267
7892000	8489
7892000	10928
7892000	17647
7892000	25366
7893250	28992
7898750	26894
7918750	7479
7918750	26404
7918750	26959
7921500	15534
7921500	22556
7921500	22583
7921500	23612
7921500	28087
7927750	15065
7927750	25372
7927750	26288
8017000	3719
8017000	15096
8017000	22280
8017000	23284
8033500	2471
8033500	6113
8033500	28653
8040000	239
8040000	2655
8040000	5429
8040000	8257
8040000	10151
8040000	12994
8040000	13872
8040000	15138
8040000	17400
8040000	18275
8040000	22547
8040000	25372
8049000	14319
8049000	22749
8049000	27544
8051750	20297
8051750	21911
8051750	26608
8072250	22
8072250	526
8072250	749
8072250	1392
8072250	6098
8072250	11196
8072250	12977
8072250	14894
8072250	19036
8072250	19514
8072250	22095
8072250	27033
8096750	1630
8096750	5267
8096750	16663
8096750	21672
8096750	23628
8096750	24887
8096750	26485
8100250	7868
8100250	22489
8111500	454
8111500	527
8111500	11018
8111500	11080
8111500	12790
8111500	23878
8123500	1591
8123500	3390
8123500	14931
8123500	22852
8129250	7868
8129250	18097
8129250	25733
8149250	215
8149250	2367
8149250	11196
8149250	11679
8149250	24015
8156500	2198
8156500	4078
8156500	6447
8156500	6665
8156500	6951
8156500	8842
8156500	9620
8156500	16420
8163500	3252
8163500	14593
8163500	18868
8163500	22621
8163500	26959
8163500	28438
8195000	1831
8195000	5185
8195000	18024
8195000	24519
8195000	28410
8215250	24628
8215250	25372
8216500	6148
8216500	18712
8216500	22552
8216500	22916
8216500	25329
8216500	27791
8216500	28481
8216750	12285
8230750	4949
8230750	24841
8243500	949
8243500	4479
8243500	4931
8243500	4949
8243500	11196
8243500	11776
8243500	18075
8243500	24869
8271000	11280
8280500	16674
8280500	17972
8314250	4626
8314250	4834
8314250	11196
8314250	16540
8314250	25212
8353250	3438
8353250	4302
8353250	7230
8353250	7560
8353250	12285
8353250	16331
8353250	22204
8353250	28401
8385000	504
8385000	1548
8385000	3458
8385000	7680
8385000	9111
8385000	16463
8385000	18080
8385000	19217
8385000	23284
8385000	26332
8430000	8637
8430000	10480
8430000	27328
8435250	7105
8435250	10999
8435250	11080
8435250	11679
8435250	14261
8435250	16110
8435250	16540
8435250	18730
8435250	21067
8435250	22489
8523250	1731
8528750	16913
8528750	27791
8529750	15138
8529750	16609
8529750	16939
8529750	22583
8529750	26883
8529750	28059
8555500	1282
8555500	4738
8555500	5598
8555500	7762
8555500	10741
8555500	18180
8555500	19379
8555500	27615
8555500	29078
8573000	6158
8617500	4571
8617500	11280
8617500	26619
8617500	27625
8622000	8702
8622000	14976
8628250	20979
8628250	26288
8633500	5833
8633500	8148
8649250	2826
8649250	6571
8649250	16939
8649250	18024
8702500	617
8702500	3390
8702500	7105
8702500	11196
8702500	16540
8702500	23779
8702500	24780
8702500	29547
8730250	911
8730250	1119
8730250	1501
8730250	3228
8730250	3913
8730250	4571
8730250	7007
8730250	7611
8730250	8257
8730250	8278
8730250	11679
8730250	12068
8730250	14976
8730250	18024
8730250	19416
8730250	28453
8730250	28876
8757750	3149
8757750	18024
8757750	20386
8757750	23928
8757750	26288
8799750	12018
8799750	18024
8799750	20826
8845250	11826
8845250	12008
8845250	12394
8845250	13070
8845250	14020
8845250	15446
8845250	18736
8845250	22484
8845250	28653
8909750	20803
8909750	28270
8910750	3590
8910750	5598
8910750	10948
8910750	11330
8910750	12688
8910750	18167
8910750	24503
8910750	24929
8910750	26614
8910750	27514
8910750	29078
8940500	251
8940500	2655
8940500	4571
8940500	11080
8940500	13784
8940500	15661
8940500	16952
8940500	21838
8940500	24172
8949750	16818
8949750	17438
9035750	7850
9035750	9881
9035750	20661
9039750	2257
9039750	2513
9039750	3228
9039750	3627
9039750	7105
9039750	9563
9039750	11196
9039750	11983
9039750	13087
9039750	14580
9039750	16540
9039750	24978
9055750	18024
9069000	17405
9069000	19217
9069000	19937
9069000	22393
9069000	28017
9076750	5712
9076750	14930
9103250	876
9103250	6655
9121750	2000
9121750	4571
9121750	7868
9121750	11029
9121750	15946
9121750	21838
9121750	25733
9123500	15
9123500	2610
9123500	4324
9123500	6447
9123500	7061
9123500	10176
9123500	12168
9123500	13888
9123500	14694
9123500	15138
9123500	18678
9123500	20846
9123500	21459
9123500	26789
9163000	5594
9163000	6096
9163000	6571
9163000	7977
9163000	11080
9163000	23475
9163000	26576
9173750	11679
9173750	12541
9173750	13784
9173750	14020
9173750	14097
9173750	15315
9173750	16110
9173750	16540
9173750	29224
9179500	11196
9179500	12220
9179500	17835
9179500	27637
9199500	24969
9215000	6352
9215000	14294
9244000	7868
9244000	9486
9288000	2683
9288000	2971
9344000	17024
9351750	2891
9351750	11080
9351750	14580
9351750	17921
9351750	20626
9352750	6548
9352750	17133
9352750	18075
9352750	28759
9394250	3228
9394250	14894
9394250	17060
9394250	17087
9394250	19014
9394250	28899
9394250	29203
9394500	11670
9394500	14533
9394500	14588
9394500	15018
9394500	16540
9394500	18491
9394500	22371
9394500	23781
9394500	26546
9394500	29099
9436000	504
9436000	4731
9436000	6571
9437500	489
9437500	22280
9512750	4239
9512750	19903
9512750	20800
9512750	25651
9513250	9195
9513250	22319
9513250	23928
9586500	8860
9586500	17401
9586500	27888
9592500	18271
9628250	23779
9651250	1598
9651250	5639
9651250	26754
9685000	5403
9685000	9569
9685000	17032
9694750	14550
9694750	15383
9706000	6364
9706000	6740
9706000	11487
9706000	12168
9706000	13765
9706000	18508
9706000	20297
9706000	21865
9706000	22094
9706000	23340
9706000	28653
9706000	29099
9716500	11465
9720000	8816
9720000	13773
9782000	29364
9794000	642
9802000	5883
9802000	13888
9802000	16540
9807250	7868
9807250	18905
9811750	22846
9842500	4125
9842500	4499
9842500	6148
9842500	7868
9842500	11176
9842500	11605
9842500	12576
9842500	18805
9842500	25086
9906500	155
9906500	5185
9906500	12394
9906500	26298
9946250	3720
9946250	21865
9946250	23241
9946250	26619
9973000	18227
9973000	23475
9973000	25260
9979000	251
9979000	20661
9982500	542
9982500	9369
10000250	5598
10000250	17153
10018000	5429
10018000	27791
10052000	143
10052000	3093
10052000	7680
10052000	12754
10052000	22126
10054250	1079
10054250	4667
10054250	11159
10054250	19660
10054250	20297
10063000	10893
10063000	14930
10063000	22393
10064500	5799
10064500	8269
10064500	12220
10064500	22583
10064500	25830
10064500	26571
10064500	28466
10069500	2257
10069500	4571
10069500	6665
10069500	8978
10069500	10740
10069500	15322
10069500	18084
10069500	18519
10069500	19973
10069500	21400
10095000	13494
10095000	14261
10095000	19973
10095000	26699
10119250	7868
10119250	10282
10185000	7868
10212500	12927
10212500	15959
10224750	1481
10229250	8689
10229250	24869
10234000	3719
10234000	4039
10234000	8692
10234000	9111
10234000	15019
10234000	24013
10234000	28653
10257500	10893
10261750	1222
10261750	3438
10261750	14261
10261750	14533
10261750	15645
10261750	16331
10261750	17060
10261750	17061
10261750	17348
10261750	17405
10261750	18024
10261750	18805
10261750	19394
10261750	21657
10261750	23628
10261750	28270
10264750	29203
10297000	18075
10297000	25058
10297000	27056
10302500	679
10302500	2626
10302500	6630
10302500	7409
10302500	8689
10302500	12162
10302500	12754
10302500	14065
10302500	14567
10302500	18167
10302500	26087
10302500	28164
10309250	5043
10309250	6498
10309250	8089
10309250	10999
10309250	11734
10309250	15192
10312750	2899
10312750	3627
10312750	5185
10312750	6672
10312750	12016
10312750	12352
10312750	15934
10312750	17547
10312750	20164
10312750	20367
10312750	25260
10322250	1880
10322250	1903
10322250	5185
10322250	10702
10393750	2437
10393750	3438
10393750	29265
10401500	1583
10401500	7868
10401500	12189
10401500	13258
10401500	13394
10401500	17242
10401500	17959
10401500	22950
10401500	27791
10443000	14482
10443000	19466
10443000	23628
10492250	281
10492250	4949
10492250	11061
10492250	11080
10492250	15449
10492250	20045
10492250	23662
10492250	24984
10492250	26464
10513000	6147
10521000	7868
10521000	10225
10521000	21315
10533750	3032
10533750	14261
10533750	19974
10533750	24601
10533750	27346
10539250	2812
10539250	4486
10539250	10176
10539250	14020
10566000	3854
10566000	7868
10566000	11204
10566000	13554
10566000	23284
10566000	28053
10578000	12736
10578000	13240
10578000	20896
10578000	28992
10588000	849
10588000	14020
10588000	15138
10588000	16628
10592000	1335
10592000	14261
10592000	19973
10592750	646
10592750	23798
10609250	8693
10628500	398
10628500	3185
10628500	4039
10628500	5652
10628500	6820
10628500	6868
10628500	7045
10628500	7943
10628500	11263
10628500	11524
10628500	13784
10628500	14294
10628500	16463
10628500	18612
10628500	18736
10628500	19632
10628500	20386
10628500	20751
10628500	21336
10628500	23549
10628500	23928
10628500	24869
10628500	27117
10628500	27791
10628500	28641
10642000	251
10642000	2655
10642000	3627
10642000	7105
10642000	7323
10642000	7567
10642000	7576
10642000	8257
10642000	8637
10642000	20536
10642000	20896
10642000	21334
10642000	28149
10653250	2655
10653250	18891
10653250	20180
10653250	26034
10653250	29203
10696000	1666
10696000	11022
10696000	14153
10696000	14887
10696000	16276
10696000	19615
10696000	20979
10696000	21110
10696000	24440
10696000	25420
10713250	617
10713250	14446
10713250	22633
10756500	6656
10756500	17706
10768750	17592
10768750	19993
10773000	2257
10773000	9486
10773000	12977
10774750	1577
10774750	2899
10774750	14942
10818500	1038
10818500	5334
10818500	23779
10885750	23676
10944750	8689
10944750	13450
10944750	13451
10944750	25372
10944750	25687
10944750	28752
10966250	8689
10966250	17087
10972250	13672
10972250	23779
10976250	1533
10976250	14482
10976250	14580
11078500	9275
11111500	27791
11114000	25372
11121500	6597
11121500	18024
11121500	20297
11129250	11065
11129250	11080
11129250	14577
11129250	23214
11129250	23861
11131750	882
11137750	2227
11137750	22447
11158000	239
11158000	7868
11158000	9563
11158000	11396
11158000	12076
11158000	21657
11158000	21930
11158000	25169
11169500	19277
11169500	27407
11225500	4731
11225500	13020
11225500	23342
11225500	24869
11225500	25960
11283500	10680
11283500	12220
11283500	16463
11300000	7552
11300000	8375
11300000	13307
11300000	13701
11307500	5264
11307500	8628
11307500	12068
11307500	18167
11307500	20300
11307500	22359
11307500	27711
11313000	3228
11313000	6482
11313000	7456
11313000	11018
11313000	11196
11313000	17013
11313000	27092
11313000	27406
11313000	27791
11321750	643
11321750	4238
11321750	4262
11321750	4294
11321750	6242
11321750	6284
11321750	7997
11321750	11730
11321750	13745
11321750	15390
11321750	15645
11321750	17060
11321750	20206
11321750	21672
11321750	22880
11321750	23338
11321750	24907
11321750	29547
11340250	14294
11340250	25329
11362000	8693
11362000	10240
11391250	22244
11391250	27998
11397250	23541
11434750	7071
11434750	9985
11434750	18758
11434750	20083
11434750	21823
11434750	22339
11440500	2179
11440500	7936
11440500	14261
11493000	7868
11493000	9072
11493000	22727
11494250	11196
11496750	6927
11496750	20565
11496750	28898
11503250	504
11527500	16884
11527500	27791
11535250	2257
11552750	16011
11558000	749
11564250	1831
11564250	6104
11564250	14969
11564250	25483
11579750	12688
11590500	2432
11590500	17127
11590500	17512
11601500	6299
11601500	7511
11612500	19974
11616250	9829
11625250	3740
11625250	18990
11625250	21628
11625250	28017
11632250	4819
11683250	12541
11687000	8689
11701500	4366
11701500	14020
11701500	22052
11701500	26679
11711250	1392
11711250	6175
11711250	9609
11711250	10866
11711250	21338
11711250	23861
11711250	24942
11730000	422
11730000	471
11730000	1446
11730000	1756
11730000	6193
11730000	8662
11730000	13390
11730000	18523
11730000	21565
11730000	23656
11730000	24471
11734000	14490
11734000	26546
11747250	155
11747250	282
11747250	9525
11747250	11244
11747250	13093
11747250	16918
11747250	17959
11747250	18730
11747250	24892
11761750	554
11761750	28975
11782250	7127
11782250	18002
11794250	1218
11794250	3068
11794250	11679
11874000	4220
11874000	11679
11874000	12220
11874000	18167
11896000	3176
11896000	10872
11936000	13020
11936000	28470
11939000	2176
11939000	22317
11947000	6505
11947000	9522
11947000	11080
11947000	13103
11947000	16865
11947000	20411
11947000	21911
11947000	23482
11947000	24417
11949750	43
11949750	2198
11949750	2963
11949750	5403
11949750	6571
11949750	10353
11949750	12063
11949750	13554
11949750	16519
11949750	25009
11949750	25177
11957000	12977
11957000	16818
11957000	17242
11972750	647
11972750	4846
11972750	7260
11972750	7936
11972750	15631
11972750	21693
11972750	28855
11984750	251
11984750	993
11984750	2683
11984750	3627
11984750	6740
11984750	8689
11984750	14261
11984750	15507
11984750	20207
11984750	21110
11984750	21796
11984750	25086
11984750	25653
11984750	26722
12004000	5081
12004000	7680
12004000	10452
12004000	12754
12004000	15307
12004000	18958
12008000	20979
12008000	24274
12015000	7552
12015250	11080
12016750	7248
12016750	18730
12016750	18741
12016750	24601
12016750	27371
12016750	28653
12028500	13390
12028500	21975
12061000	16463
12065000	12453
12154500	2568
12154500	4949
12154500	7105
12154500	7611
12154500	7868
12154500	8689
12154500	9471
12154500	9549
12154500	13226
12154500	15086
12154500	17214
12154500	17640
12154500	20297
12154500	20476
12154500	27791
12173500	554
12173500	1325
12173500	3627
12173500	9817
12173500	15405
12173500	15534
12173500	21110
12173500	22607
12173500	28184
12173500	28370
12204750	6571
12204750	7963
12204750	21533
12215000	3164
12215000	6672
12215000	7868
12215000	8637
12215000	9363
12215000	12352
12215000	14942
12215000	20831
12215000	28463
12229000	12588
12229000	17389
12231250	6246
12231250	28149
12234750	10176
12234750	10893
12234750	21632
12234750	22126
12234750	25372
12234750	26614
12234750	29465
12239250	7868
12239250	20519
12239250	21838
12239250	26288
12275500	5429
12275500	21930
12331000	7542
12331000	11330
12331000	18180
12371000	2227
12371000	8992
12371000	11543
12371000	12394
12371000	14294
12371000	25086
12377250	2729
12377250	3151
12377250	5799
12377250	8689
12377250	14020
12377250	18075
12377250	19405
12377250	24447
12377250	24730
12377250	27191
12384250	4300
12384250	5458
12384250	21747
12386500	2367
12388250	1539
12388250	28391
12417500	1731
12417500	3438
12417500	3983
12417500	7061
12417500	7963
12417500	8689
12417500	12717
12417500	15138
12417500	15173
12417500	16406
12417500	16846
12417500	16913
12417500	17959
12417500	18024
12417500	24601
12417500	29099
99999999999999999999999999999999	9999999999999999999999999999999999999
